{
    "rmse": 0.803713548498225,
    "mae": 0.6459554680396087,
    "r2": 0.07361966756424643
}